<?xml version = "1.0" encoding = "UTF-8"?>

<beans xmlns = "http://www.springframework.org/schema/beans"
   xmlns:xsi = "http://www.w3.org/2001/XMLSchema-instance"
   xsi:schemaLocation = "http://www.springframework.org/schema/beans
   http://www.springframework.org/schema/beans/spring-beans-3.0.xsd">

   <bean id ="empBean" class = "bean.ListEmployee"  >
      <property name = "eId" value = "1"/>
       <property name = "eName" value = "manoj"/>
       <property name = "salary" value = "100000"/>
       <property name = "address">
       <list>
       <value>kakinada</value>
       <value>rajahmundry</value>
       <value>vizag</value>
       </list>
       </property>
   </bean>
   

</beans>